[
    {
        "name": "FLIPPED_TKO_FLAMETHROWER",
        "flippedFrom": "TKO_FLAMETHROWER"
    },
    {
        "name": "TKO_FLAMETHROWER",
        "categories": ["WEAPONS"],
        "required": "FLAMETHROWERS",
        "isWeapon": true,
        "w": 2,
        "h": 1,
        "appearance": {
            "src": "tko_spritesheet",
            "x": 20,
            "y": 1,
            "w": 2,
            "h": 1
        },
        "hp": 30,
        "fireHP": 25,
        "moveDelay": 800,
        "weight": 30,
        "cost": 60,
        "crew": 1,
        "recommendedCrew": 2,
        "frontOnly": true,
        "muzzleFlash": false,
        "maxRange": 250,
        "shotSpeed": 0.15,
        "jitterMerge": 0.75,
        "reload": 50,
        "clip": 100,
        "clipReloadTime": 1500,
        "inaccuracy": 0.004,
        "blastDmg": 5,
        "blastSplashRadius": 0,
        "penDmg": 0,
        "fireArc": { "direction": "forwards", "degrees": 150 },
        "muzzleCenterX": 1.55,
        "muzzleCenterY": 0.63,
        "muzzleLength": 0.75,
        "optimumRange": 30,
        "shootTroopsRange": 200,
        "fixedInaccuracyVsTroops": 2,
        "fireSound": {
            "layers": [
                {
                    "variations": [ "flamethrower0" ],
                    "volume": {
                        "min": 1.5,
                        "max": 1.8
                    },
                    "pitch": {
                        "min": 0.8,
                        "max": 1.2,
                        "distance": [
                            0, 1.0,
                            3000, 0.7
                        ]
                    }
                }
            ]
        },
        "soundEvery": 8,
        "weaponAppearance": {
            "shot": { "src": "spritesheet", "x": 224, "y": 304, "w": 11, "h": 11 },
            "barrel": { "src": "spritesheet", "x": 325, "y": 134, "w": 24, "h": 4 },
            "barrelX": 13,
            "barrelY": 8,
            "shotEmitter": { "type": "flame", "emitProbability": 0.01 }
        },
        "upDoors": [ 0 ]
    }
]
